State,City,Camp Name (JSON),Event Details (CSV),Matched
arizona,Oro Valley,Nike Soccer Camp with Pima County Surf,Nike Soccer Camp with Pima County Surf,True
arizona,Prescott,Nike Soccer Camp at Embry-Riddle Aeronautical University - Academy,Nike Soccer Camp at Embry-Riddle Aeronautical University - Academy,True
arizona,Scottsdale,Nike Soccer Camp Rancho Solano Preparatory School,Nike Soccer Camp Rancho Solano Preparatory School,True
arkansas,Fayetteville,Nike Soccer Camp in Fayetteville,Nike Soccer Camp in Fayetteville,True
california,Alameda,Nike Soccer Camp at Sofive - Alameda,Nike Soccer Camp at Sofive - Alameda,True
california,Aptos,Nike Soccer Camp at Cabrillo College,Nike Soccer Camp at Cabrillo College,True
california,Arcadia,Nike Soccer Camp in Arcadia - Los Angeles,Nike Soccer Camp in Arcadia - Los Angeles,True
california,Atherton,Nike Boys Soccer Camp at Menlo College,Nike Boys Soccer Camp at Menlo College,True
california,Azusa,Nike Soccer Camp at Azusa Pacific University,Nike Soccer Camp at Azusa Pacific University,True
california,Berkeley,Cal Boys Soccer Camp,Cal Boys Soccer Camp,True
california,Camarillo,Nike Soccer Camp at Cal State Channel Island,Nike Soccer Camp at Cal State Channel Island,True
california,Chatsworth,Nike Soccer Camp at Sierra Canyon School,Nike Soccer Camp at Sierra Canyon School,True
california,Chino,Nike Soccer Camp in Chino,Nike Soccer Camp in Chino,True
california,Claremont,Nike Soccer Camp at Claremont-Mudd-Scripps Colleges,Nike Soccer Camp at Claremont-Mudd-Scripps Colleges,True
california,Clovis,College Soccer Academy iD Camp in Clovis - Girls,College Soccer Academy iD Camp in Clovis - Girls,True
california,Costa Mesa,Nike Soccer Camp at Vanguard University,Nike Soccer Camp at Vanguard University,True
california,Covina,Nike Soccer Camp at Sofive Covina,Nike Soccer Camp at Sofive Covina,True
california,Del Mar,Nike Soccer Camp with San Diego Surf - Del Mar,Nike Soccer Camp with San Diego Surf - Del Mar,True
california,Elk Grove,Nike Soccer Camp in Elk Grove,Nike Soccer Camp in Elk Grove,True
california,Encinitas,Nike Soccer Camp in Encinitas,Nike Soccer Camp in Encinitas,True
california,Fairfield,Nike Soccer Camp with Solano Surf in Fairfield,Nike Soccer Camp with Solano Surf in Fairfield,True
california,Garden Grove,College Soccer Academy iD Camp in Orange County - Girls,College Soccer Academy iD Camp in Orange County - Girls,True
california,Glendale,Nike Soccer Camp at Glendale Sports Complex,Nike Soccer Camp at Glendale Sports Complex,True
california,Hollywood,Nike Soccer Camp with First Strike Soccer - North Hollywood,Nike Soccer Camp with First Strike Soccer - North Hollywood,True
california,Huntington Beach,Nike Soccer Camp in Huntington Beach,Nike Soccer Camp in Huntington Beach,True
california,Irvine,Nike Soccer Camp at  Irvine Valley College,Nike Soccer Camp at  Irvine Valley College,True
california,La Mirada,Nike Soccer Camp at Biola University,Nike Soccer Camp at Biola University,True
california,La Verne,Nike Soccer Camp at University of La Verne,Nike Soccer Camp at University of La Verne,True
california,Laguna Niguel,Nike Soccer Camp with Prospect Soccer Academy - Laguna Niguel,Nike Soccer Camp with Prospect Soccer Academy - Laguna Niguel,True
california,Lake Forest,Nike Soccer Camp with Prospect Soccer Academy - Lake Forest,Nike Soccer Camp with Prospect Soccer Academy - Lake Forest,True
california,Lancaster,Nike Soccer Camp in Lancaster,Nike Soccer Camp in Lancaster,True
california,Larkspur,Nike Soccer Camps in Larkspur,Nike Soccer Camps in Larkspur,True
california,Livermore,Nike Soccer Camp in Livermore,Nike Soccer Camp in Livermore,True
california,Los Angeles,Nike Soccer Camp at Windward School,Nike Soccer Camp at Windward School,True
california,Newbury Park,Nike Soccer Camp powered by Steel Sports - Conejo Valley,Nike Soccer Camp powered by Steel Sports - Conejo Valley,True
california,Orinda,Nike Soccer Camp with Golden Boot Academy - Orinda,Nike Soccer Camp with Golden Boot Academy - Orinda,True
california,Palo Alto,Nike Soccer Camp with Player ONE Performance - Palo Alto,Nike Soccer Camp with Player ONE Performance - Palo Alto,True
california,Pebble Beach,Nike Soccer Camp at Stevenson School Pebble Beach,Nike Soccer Camp at Stevenson School Pebble Beach,True
california,Petaluma,Nike Soccer Camp in Petaluma,Nike Soccer Camp in Petaluma,True
california,Pomona,Nike Soccer Camp at Sofive Pomona,Nike Soccer Camp at Sofive Pomona,True
california,Rancho Cucamonga,Nike Soccer Camp at Sofive Rancho Cucamonga,Nike Soccer Camp at Sofive Rancho Cucamonga,True
california,Redding,Nike Soccer Camp at Simpson University,Nike Soccer Camp at Simpson University,True
california,Riverside,Nike Soccer Camp UC Riverside,Nike Soccer Camp UC Riverside,True
california,Rocklin,Nike Soccer Camp at Jessup University,Nike Soccer Camp at Jessup University,True
california,San Diego,Nike Soccer Camp at San Diego State University,Nike Soccer Camp at San Diego State University,True
california,San Francisco,Nike Soccer Camp St. Ignatius College Preparatory,Nike Soccer Camp St. Ignatius College Preparatory,True
california,San Jose,Nike Soccer Camp with Player One Performance - San Jose,Nike Soccer Camp with Player One Performance - San Jose,True
connecticut,New Britain,Nike Soccer Camp with Blue Devils Soccer Academy,Nike Soccer Camp with Blue Devils Soccer Academy,True
connecticut,ridgefield,Nike Soccer Camp at Liverpool FC International Academy - Ridgefield Academy,Nike Soccer Camp at Liverpool FC International Academy - Ridgefield Academy,True
connecticut,Salisbury,Nike Soccer Camp at The Hotchkiss School,Nike Soccer Camp at The Hotchkiss School,True
connecticut,West Hartford,Nike Soccer Camp at the University of Hartford,Nike Soccer Camp at the University of Hartford,True
connecticut,West Haven,Nike Soccer Camp at University of New Haven,Nike Soccer Camp at University of New Haven,True
district-of-columbia,Washington DC,Nike Soccer Camp  with FourSoccer - Washington DC,Nike Soccer Camp  with FourSoccer - Washington DC,True
florida,Davenport,Nike Soccer Camp in Orlando,Nike Soccer Camp in Orlando,True
florida,Fort Pierce,Nike Soccer Camp in Port St. Lucie,Nike Soccer Camp in Port St. Lucie,True
florida,Jacksonville,Nike Soccer Camp with Beestera Soccer Training - The Bolles School,Nike Soccer Camp with Beestera Soccer Training - The Bolles School,True
florida,Melbourne,Nike Soccer Camp at Eastern Florida State College,Nike Soccer Camp at Eastern Florida State College,True
florida,Miami,Nike Soccer Camp in Miami,Nike Soccer Camp in Miami,True
florida,Orlando,Nike Soccer Camp with DivineTime Fantasy Fútbol - Orlando,Nike Soccer Camp with DivineTime Fantasy Fútbol - Orlando,True
florida,Saint Leo,Nike Soccer Camp at Saint Leo University,Nike Soccer Camp at Saint Leo University,True
florida,Sarasota,Nike Soccer Camp at New College of Florida,Nike Soccer Camp at New College of Florida,True
florida,St. Augustine,Nike Soccer Camp with Beestera Soccer Training - Jacksonville,Nike Soccer Camp with Beestera Soccer Training - Jacksonville,True
florida,St. Petersburg,Nike Soccer Camp at Eckerd College,Nike Soccer Camp at Eckerd College,True
florida,Tampa,Nike Soccer Camp at the University of South Florida,Nike Soccer Camp at the University of South Florida,True
florida,Winter Park,Nike Boys Soccer Camp at Rollins College,Nike Boys Soccer Camp at Rollins College,True
georgia,Atlanta,Nike Soccer Camp with Oglethorpe University,Nike Soccer Camp with Oglethorpe University,True
georgia,Brookhaven,Nike Soccer Camp in Brookhaven,Nike Soccer Camp in Brookhaven,True
georgia,Decatur,Nike Soccer Camp at Agnes Scott College,Nike Soccer Camp at Agnes Scott College,True
georgia,Marietta,Nike Soccer Camp at Life University,Nike Soccer Camp at Life University,True
georgia,Mount Berry,Nike Boys Soccer Camp Berry College,Nike Boys Soccer Camp Berry College,True
georgia,Norcoss,Nike Soccer Camp with Beestera Soccer Training - Gwinnett County,Nike Soccer Camp with Beestera Soccer Training - Gwinnett County,True
georgia,Rome,Nike Soccer Camp at the Darlington School,Nike Soccer Camp at the Darlington School,True
idaho,Boise,Nike Soccer Camp at Settlers Park in Meridian,Nike Soccer Camp at Settlers Park in Meridian,True
illinois,Aurora,Nike Soccer Camp at Aurora University,Nike Soccer Camp at Aurora University,True
illinois,Chicago,Nike Soccer Camp at North Park University,Nike Soccer Camp at North Park University,True
illinois,Crestwood,Nike Soccer Camp in Crestwood,Nike Soccer Camp in Crestwood,True
illinois,Dekalb,Nike Girls Soccer Camp at NIU - Collegiate Experience,Nike Girls Soccer Camp at NIU - Collegiate Experience,True
illinois,Evanston,Nike Soccer Camp in Evanston,Nike Soccer Camp in Evanston,True
illinois,Lake Forest,Nike Soccer Camp at Lake Forest Academy,Nike Soccer Camp at Lake Forest Academy,True
illinois,Libertyville,Nike Soccer Camp in Libertyville,Nike Soccer Camp in Libertyville,True
illinois,Loves Park,Nike Soccer Camp in Rockford,Nike Soccer Camp in Rockford,True
illinois,Oak Brook,Nike Soccer Camp at Oak Brook Sports Core,Nike Soccer Camp at Oak Brook Sports Core,True
illinois,Palatine,Nike Soccer Camp in Palatine,Nike Soccer Camp in Palatine,True
illinois,Romeoville,Nike Soccer Camp at Lewis University,Nike Soccer Camp at Lewis University,True
illinois,Schaumburg,Nike Soccer Camp in Schaumburg,Nike Soccer Camp in Schaumburg,True
illinois,Springfield,Nike Soccer Camp at University of Illinois Springfield,Nike Soccer Camp at University of Illinois Springfield,True
illinois,St. Charles,Nike Soccer Camp in St. Charles,Nike Soccer Camp in St. Charles,True
illinois,Winnetka,Nike Soccer Camp in Winnetka,Nike Soccer Camp in Winnetka,True
indiana,Columbus,Nike Soccer Camp at Indiana University Columbus,Nike Soccer Camp at Indiana University Columbus,True
iowa,Davenport,Nike Soccer Camp at St. Ambrose University,Nike Soccer Camp at St. Ambrose University,True
kansas,Olathe,Nike Soccer Camp at Homefield Kansas City,Nike Soccer Camp at Homefield Kansas City,True
kansas,Overland Park,Nike Soccer Camp in Kansas City,Nike Soccer Camp in Kansas City,True
louisiana,Metairie,Nike Boys College ID Soccer Camp - New Orleans,Nike Boys College ID Soccer Camp - New Orleans,True
maine,Gorham,Nike Soccer Camp University of Southern Maine,Nike Soccer Camp University of Southern Maine,True
maryland,Emmitsburg,Nike Soccer Camp in Emmitsburg,Nike Soccer Camp in Emmitsburg,True
maryland,Frederick,Nike Soccer Camp at Hood College,Nike Soccer Camp at Hood College,True
maryland,Gambrills,Nike Soccer Camp in Gambrills,Nike Soccer Camp in Gambrills,True
maryland,Glen Burnie,Nike Soccer Camp in Glen Burnie,Nike Soccer Camp in Glen Burnie,True
maryland,Hagerstown,Nike Soccer Camp in Hagerstown Fieldhouse,Nike Soccer Camp in Hagerstown Fieldhouse,True
maryland,Owings Mills,Nike Soccer Camp at Stevenson University,Nike Soccer Camp at Stevenson University,True
maryland,Rockville,Nike Soccer Camp with Next Star - Sofive Rockville &amp; Master Skills Clinics,Nike Soccer Camp with Next Star - Sofive Rockville &amp; Master Skills Clinics,True
maryland,Takoma Park,Nike Soccer Camp at Washington Adventist University,Nike Soccer Camp at Washington Adventist University,True
massachusetts,Andover,Nike Soccer Camp at Merrimack College,Nike Soccer Camp at Merrimack College,True
massachusetts,Attleboro,Nike Soccer Camp with Next Step Training - Attleboro,Nike Soccer Camp with Next Step Training - Attleboro,True
massachusetts,Boston,Nike Soccer Camp at Winsor School,Nike Soccer Camp at Winsor School,True
massachusetts,Braintree,Nike Soccer Camp at Thayer Sports Center,Nike Soccer Camp at Thayer Sports Center,True
massachusetts,Buzzards Bay,Nike Soccer Camp at Liverpool FC International Academy - Mass. Maritime Academy,Nike Soccer Camp at Liverpool FC International Academy - Mass. Maritime Academy,True
massachusetts,Dover,Nike Soccer Camp at Charles River School,Nike Soccer Camp at Charles River School,True
massachusetts,Framingham,Nike Soccer Camp at Framingham State University,Nike Soccer Camp at Framingham State University,True
massachusetts,Georgetown,Nike Soccer Camp at Georgetown High School,Nike Soccer Camp at Georgetown High School,True
massachusetts,Hingham,Nike Soccer Camp at Derby Academy,Nike Soccer Camp at Derby Academy,True
massachusetts,Manchester,Nike Soccer Camp at Brookwood School,Nike Soccer Camp at Brookwood School,True
massachusetts,Marlborough,Nike Soccer Camp at Fore Kicks II Sports Complex,Nike Soccer Camp at Fore Kicks II Sports Complex,True
massachusetts,Milton,Nike Soccer Camps at Milton Academy,Nike Soccer Camps at Milton Academy,True
massachusetts,Natick,Nike Soccer Camp with Next Step Training - Natick,Nike Soccer Camp with Next Step Training - Natick,True
massachusetts,Needham,Nike Soccer Camp powered by Steel Sports - Olin College,Nike Soccer Camp powered by Steel Sports - Olin College,True
massachusetts,Newton,Nike Soccer Camp at Newton South High School,Nike Soccer Camp at Newton South High School,True
massachusetts,osterville,Nike Soccer Camp at Liverpool FC International Academy - Cape Cod Academy,Nike Soccer Camp at Liverpool FC International Academy - Cape Cod Academy,True
massachusetts,Raynham,Nike Soccer Camp with Next Step Training - Raynham,Nike Soccer Camp with Next Step Training - Raynham,True
massachusetts,South Hadley,Nike Soccer Camp with Beestera Soccer Training - Mount Holyoke College,Nike Soccer Camp with Beestera Soccer Training - Mount Holyoke College,True
massachusetts,Tewksbury,Nike Soccer Camp with Next Step Training - Tewksbury,Nike Soccer Camp with Next Step Training - Tewksbury,True
massachusetts,Tyngsborough,Nike Soccer Camp with Beestera Soccer Training - Tyngsborough,Nike Soccer Camp with Beestera Soccer Training - Tyngsborough,True
massachusetts,Weymouth,Nike Soccer Camp with Next Step Training - Weymouth,Nike Soccer Camp with Next Step Training - Weymouth,True
massachusetts,Worcester,Nike Soccer Camp at Worcester State University,Nike Soccer Camp at Worcester State University,True
michigan,Ann Arbor,Nike Soccer Camp with Liverpool FC International Academy - Ann Arbor,Nike Soccer Camp with Liverpool FC International Academy - Ann Arbor,True
michigan,Detroit,Nike Soccer Camp at University of Detroit Mercy,Nike Soccer Camp at University of Detroit Mercy,True
michigan,Fenton,Nike Soccer Camp in Fenton,Nike Soccer Camp in Fenton,True
michigan,Ferndale,Nike Soccer Camp at Liverpool FC International Academy - South Oakland,Nike Soccer Camp at Liverpool FC International Academy - South Oakland,True
michigan,Grand Rapids,Nike Soccer Camp at Davenport University,Nike Soccer Camp at Davenport University,True
michigan,Pontiac,Nike Soccer Camp at Liverpool FC International Academy - Central,Nike Soccer Camp at Liverpool FC International Academy - Central,True
michigan,Saginaw,Nike Soccer Camp at Saginaw Valley State University,Nike Soccer Camp at Saginaw Valley State University,True
michigan,Waterford,Nike Soccer Camp at Waterford Township,Nike Soccer Camp at Waterford Township,True
minnesota,Faribault,Nike Soccer Camp at Shattuck - St. Mary's School,Nike Soccer Camp at Shattuck - St. Mary's School,True
minnesota,Mankato,Nike Soccer Camp at Minnesota State University Mankato,Nike Soccer Camp at Minnesota State University Mankato,True
minnesota,Stillwater,Nike Soccer Camp in Stillwater,Nike Soccer Camp in Stillwater,True
missouri,Jefferson City,Nike Soccer Camp at Lincoln University of Missouri,Nike Soccer Camp at Lincoln University of Missouri,True
missouri,St. Louis,Nike Soccer Camp at Harris-Stowe State University,Nike Soccer Camp at Harris-Stowe State University,True
montana,Big Sky,Nike Soccer Camp in Big Sky,Nike Soccer Camp in Big Sky,True
montana,Bozeman,Nike Boys Soccer College ID Camp in Bozeman,Nike Boys Soccer College ID Camp in Bozeman,True
nebraska,La Vista,Nike Soccer Camp at Nebraska MultiSport Complex,Nike Soccer Camp at Nebraska MultiSport Complex,True
nevada,Henderson,Nike Soccer Camp with JM Soccer Academy - Henderson,Nike Soccer Camp with JM Soccer Academy - Henderson,True
nevada,Las Vegas,Nike Soccer Camp with JM Soccer Academy - Las Vegas,Nike Soccer Camp with JM Soccer Academy - Las Vegas,True
nevada,Sparks,Nike Soccer Camp with JM Soccer Academy - Reno,Nike Soccer Camp with JM Soccer Academy - Reno,True
new-hampshire,Manchester,Nike Soccer Camp at Saint Anselm,Nike Soccer Camp at Saint Anselm,True
new-jersey,Basking Ridge,Nike Soccer Camp at The Pingry School,Nike Soccer Camp at The Pingry School,True
new-jersey,Carlstadt,Nike Soccer Camp with Beestera Soccer Training at Sofive Meadowlands,Nike Soccer Camp with Beestera Soccer Training at Sofive Meadowlands,True
new-jersey,Cedar Grove,Nike Soccer Camp in Cedar Grove,Nike Soccer Camp in Cedar Grove,True
new-jersey,Colts Neck,Nike Soccer Camp in Colts Neck,Nike Soccer Camp in Colts Neck,True
new-jersey,Denville,Nike Soccer Camp at Morris Catholic High School,Nike Soccer Camp at Morris Catholic High School,True
new-jersey,Glassboro,Nike Soccer Camp in Glassboro,Nike Soccer Camp in Glassboro,True
new-jersey,Hamilton Township,Nike Soccer Camp in Hamilton,Nike Soccer Camp in Hamilton,True
new-jersey,Hightstown,Nike Soccer Camp at The Peddie School,Nike Soccer Camp at The Peddie School,True
new-jersey,Hillsborough,Nike Soccer Camp at Iron Peak Sports &amp; Events,Nike Soccer Camp at Iron Peak Sports &amp; Events,True
new-jersey,Holmdel,Nike Soccer Camp in Holmdel,Nike Soccer Camp in Holmdel,True
new-jersey,Lawrence Township,Nike Soccer Camp at Rider University,Nike Soccer Camp at Rider University,True
new-jersey,Little Silver,Nike Soccer Camp at Red Bank Catholic,Nike Soccer Camp at Red Bank Catholic,True
new-jersey,Lyndhurst,Nike Boys Soccer Camp with Giuseppe Rossi Academy - Lyndhurst,Nike Boys Soccer Camp with Giuseppe Rossi Academy - Lyndhurst,True
new-jersey,Metuchen,Nike Soccer Camp Metuchen SportsPlex,Nike Soccer Camp Metuchen SportsPlex,True
new-jersey,Montvale,Nike Boys Soccer Camp at Saint Joseph Regional High School,Nike Boys Soccer Camp at Saint Joseph Regional High School,True
new-jersey,Moorestown,Nike Soccer Camp in Moorestown,Nike Soccer Camp in Moorestown,True
new-jersey,Newark,Nike Soccer Camp at Rutgers University,Nike Soccer Camp at Rutgers University,True
new-jersey,Pennington,Bridges United Nike Soccer College ID Camp - Pennington School,Bridges United Nike Soccer College ID Camp - Pennington School,True
new-jersey,Pitman,Nike Soccer Camp Total Turf Experience Complex,Nike Soccer Camp Total Turf Experience Complex,True
new-jersey,South Plainfield,Nike Soccer Camp at All Seasons Sports Academy,Nike Soccer Camp at All Seasons Sports Academy,True
new-jersey,Teaneck,Nike Soccer Camp at Fairleigh Dickinson University - Teaneck,Nike Soccer Camp at Fairleigh Dickinson University - Teaneck,True
new-jersey,Tinton Falls,Nike Soccer Camp at Ranney School - Tinton Falls,Nike Soccer Camp at Ranney School - Tinton Falls,True
new-jersey,Toms River,Nike Soccer Camp in Toms River,Nike Soccer Camp in Toms River,True
new-jersey,West Windsor Township,Nike Soccer Camp at Mercer Community College,Nike Soccer Camp at Mercer Community College,True
new-york,Albany,Nike Soccer Camp with Beestera Soccer Training - Afrim's Sports Park,Nike Soccer Camp with Beestera Soccer Training - Afrim's Sports Park,True
new-york,Averill Park,Nike Soccer Camp with Beestera Soccer Training - Averill Park,Nike Soccer Camp with Beestera Soccer Training - Averill Park,True
new-york,Bronx,Nike Soccer Camp at Fordham University,Nike Soccer Camp at Fordham University,True
new-york,Brooklyn,Nike Soccer Camp with Beestera Soccer Training at Sofive Brooklyn,Nike Soccer Camp with Beestera Soccer Training at Sofive Brooklyn,True
new-york,Cairo,Nike Soccer Camp with Beestera Soccer Training - Rip Van Winkle,Nike Soccer Camp with Beestera Soccer Training - Rip Van Winkle,True
new-york,East Greenbush,Nike Soccer Camp with Beestera Soccer Training - East Greenbush,Nike Soccer Camp with Beestera Soccer Training - East Greenbush,True
new-york,East Patchogue,Nike Soccer Camp at St. Joseph's University - Long Island,Nike Soccer Camp at St. Joseph's University - Long Island,True
new-york,Flushing,Nike Soccer Camp with UK Soccer School at Flushing Meadows Corona Park,Nike Soccer Camp with UK Soccer School at Flushing Meadows Corona Park,True
new-york,Fort Ann,Nike Soccer Camp with Beestera Soccer Training - Golden Goal,Nike Soccer Camp with Beestera Soccer Training - Golden Goal,True
new-york,Garden City,Nike Girls Soccer Camp at Adelphi University,Nike Girls Soccer Camp at Adelphi University,True
new-york,Glenmont,Nike Soccer Camp with Beestera Soccer Training - Bethlehem,Nike Soccer Camp with Beestera Soccer Training - Bethlehem,True
new-york,glenville,Nike Soccer Camp with Beestera Soccer Training - Glenville,Nike Soccer Camp with Beestera Soccer Training - Glenville,True
new-york,Greenville,Nike Soccer Camp with Beestera Soccer Training - Greenville,Nike Soccer Camp with Beestera Soccer Training - Greenville,True
new-york,New Paltz,Nike Soccer Camp with Beestera Soccer Training - New Paltz,Nike Soccer Camp with Beestera Soccer Training - New Paltz,True
new-york,New Rochelle,Nike Soccer Camp with the French Football Federation - New Rochelle,Nike Soccer Camp with the French Football Federation - New Rochelle,True
new-york,New York City,Nike Soccer Camp with the French Football Federation - Randall's Island,Nike Soccer Camp with the French Football Federation - Randall's Island,True
new-york,Oneonta,Nike Soccer Camp with Beestera Soccer Training - Oneonta,Nike Soccer Camp with Beestera Soccer Training - Oneonta,True
new-york,Pleasantville,Nike Soccer Camp at Pace University,Nike Soccer Camp at Pace University,True
new-york,Queensbury,Nike Soccer Camp with Beestera Soccer Training - Queensbury,Nike Soccer Camp with Beestera Soccer Training - Queensbury,True
new-york,Red Hook,Nike Soccer Camp with Beestera Soccer Training - Red Hook,Nike Soccer Camp with Beestera Soccer Training - Red Hook,True
new-york,Rockville Centre,Nike Soccer Camp in Rockville Centre,Nike Soccer Camp in Rockville Centre,True
new-york,Saratoga Springs,Nike Soccer Camp with Beestera Soccer Training - Saratoga Wilton,Nike Soccer Camp with Beestera Soccer Training - Saratoga Wilton,True
new-york,Saugerties,Nike Soccer Camp with Beestera Soccer Training - Saugerties,Nike Soccer Camp with Beestera Soccer Training - Saugerties,True
new-york,Schenectady,Nike Soccer Camp with Beestera Soccer Training - Rotterdam,Nike Soccer Camp with Beestera Soccer Training - Rotterdam,True
new-york,Spencerport,Nike Soccer Camp with Beestera Soccer Training - Rochester,Nike Soccer Camp with Beestera Soccer Training - Rochester,True
new-york,Stillwater,Nike Soccer Camp with Beestera Soccer Training - Stillwater,Nike Soccer Camp with Beestera Soccer Training - Stillwater,True
new-york,Stony Brook,Nike Soccer Camp with the French Football Federation - Stony Brook School,Nike Soccer Camp with the French Football Federation - Stony Brook School,True
new-york,Troy,Nike Soccer Camp with Beestera Soccer Training - Brunswick,Nike Soccer Camp with Beestera Soccer Training - Brunswick,True
north-carolina,Apex,Nike Soccer Camp with Beestera Soccer Training - Apex,Nike Soccer Camp with Beestera Soccer Training - Apex,True
north-carolina,Charlotte,Nike Soccer Camp at Charlotte Prep School,Nike Soccer Camp at Charlotte Prep School,True
north-carolina,Gastonia,Nike Soccer Camp at Gaston Day School,Nike Soccer Camp at Gaston Day School,True
north-carolina,Greensboro,Nike Soccer Camp at Greensboro Day School,Nike Soccer Camp at Greensboro Day School,True
ohio,Akron,Nike Soccer Camp at The University of Akron,Nike Soccer Camp at The University of Akron,True
ohio,Blue Ash,Nike Soccer Camp in Blue Ash,Nike Soccer Camp in Blue Ash,True
ohio,Cincinnati,Nike Soccer Camp at Mount St. Joseph University,Nike Soccer Camp at Mount St. Joseph University,True
ohio,Dayton,Nike Soccer Camp at Wright State University,Nike Soccer Camp at Wright State University,True
ohio,Delaware,Nike Soccer Camp at Ohio Wesleyan University,Nike Soccer Camp at Ohio Wesleyan University,True
ohio,Geneva,SPIRE Soccer Camp - Summer Extended Training,SPIRE Soccer Camp - Summer Extended Training,True
oklahoma,Norman,Nike Soccer Camp in Norman Oklahoma,Nike Soccer Camp in Norman Oklahoma,True
oklahoma,Oklahoma City,Nike Soccer Camp in Oklahoma City,Nike Soccer Camp in Oklahoma City,True
oklahoma,Stillwater,Nike Soccer Camp at Oklahoma State University,Nike Soccer Camp at Oklahoma State University,True
oregon,Corvallis,Nike Soccer Camp at Oregon State University,Nike Soccer Camp at Oregon State University,True
oregon,Hillsboro,Nike Soccer Camp in Hillsboro,Nike Soccer Camp in Hillsboro,True
oregon,Lake Oswego,Nike Soccer Camp in Lake Oswego,Nike Soccer Camp in Lake Oswego,True
oregon,Newberg,Nike Soccer Camp at George Fox University,Nike Soccer Camp at George Fox University,True
oregon,Portland,Nike Soccer Camp at Portland State University,Nike Soccer Camp at Portland State University,True
oregon,Salem,Nike Soccer Camp in Salem,Nike Soccer Camp in Salem,True
pennsylvania,Bethlehem,Nike Soccer Camp in Bethlehem,Nike Soccer Camp in Bethlehem,True
pennsylvania,Blue Bell,Nike Soccer Camp at Centre Square Park,Nike Soccer Camp at Centre Square Park,True
pennsylvania,Center Valley,Nike Soccer Camp at DeSales University,Nike Soccer Camp at DeSales University,True
pennsylvania,Chester Springs,Nike Soccer Camp in Chester Springs,Nike Soccer Camp in Chester Springs,True
pennsylvania,Elkins Park,Nike Soccer Camp at Sofive Elkins Park,Nike Soccer Camp at Sofive Elkins Park,True
pennsylvania,Erie,Nike Soccer Camp at Erie Sports Center,Nike Soccer Camp at Erie Sports Center,True
pennsylvania,Gettysburg,Nike Soccer Camp at Gettysburg College,Nike Soccer Camp at Gettysburg College,True
pennsylvania,Malvern,Nike Soccer Camp with Beestera Soccer Training - Greater Chester Valley,Nike Soccer Camp with Beestera Soccer Training - Greater Chester Valley,True
pennsylvania,Manheim,Nike Soccer Camp with Futeballer - PA Classics Soccer Park,Nike Soccer Camp with Futeballer - PA Classics Soccer Park,True
pennsylvania,Palmyra,Nike Soccer Camp with Futeballer at In The Net,Nike Soccer Camp with Futeballer at In The Net,True
pennsylvania,Phoenixville,Nike Soccer Camp in Phoenixville,Nike Soccer Camp in Phoenixville,True
pennsylvania,Pittsburgh,Nike Girls Soccer Camp at The Ellis School,Nike Girls Soccer Camp at The Ellis School,True
pennsylvania,Reading,Nike Soccer Camp at Albright College,Nike Soccer Camp at Albright College,True
pennsylvania,Ridley Park,Nike Soccer Camp with Beestera Soccer Training - Ridley Park,Nike Soccer Camp with Beestera Soccer Training - Ridley Park,True
pennsylvania,Wayne,Nike Soccer Camp with Beestera Soccer Training - Tredyffrin,Nike Soccer Camp with Beestera Soccer Training - Tredyffrin,True
pennsylvania,West Chester,Nike Soccer Camp at Westtown School,Nike Soccer Camp at Westtown School,True
pennsylvania,Wilkes-Barre Township,Nike Soccer Camp with Back Mountain Surf - Wilkes-Barre,Nike Soccer Camp with Back Mountain Surf - Wilkes-Barre,True
rhode-island,Middletown,Nike Soccer Camp with Next Step Training - St. George's School in Newport,Nike Soccer Camp with Next Step Training - St. George's School in Newport,True
rhode-island,Woonsocket,Nike Soccer Camp with Next Step Training - Woonsocket,Nike Soccer Camp with Next Step Training - Woonsocket,True
south-carolina,Fort Mill,Nike Soccer Camp in Fort Mill,Nike Soccer Camp in Fort Mill,True
south-carolina,Greenville,Nike Soccer Camp North Greenville University,Nike Soccer Camp North Greenville University,True
south-carolina,Wellford,Nike Soccer Camp in Wellford,Nike Soccer Camp in Wellford,True
south-dakota,Sioux Falls,Nike Soccer Camp in Sioux Falls,Nike Soccer Camp in Sioux Falls,True
tennessee,Memphis,Nike Soccer Camp with Prospect Soccer Academy - Memphis,Nike Soccer Camp with Prospect Soccer Academy - Memphis,True
tennessee,Mt. Juliet,Nike Soccer Camp with Beestera Soccer Training - Mt. Juliet,Nike Soccer Camp with Beestera Soccer Training - Mt. Juliet,True
tennessee,Nashville,Nike Soccer Camp at Christ Presbyterian Academy,Nike Soccer Camp at Christ Presbyterian Academy,True
tennessee,Thompson's Station,Nike Soccer Camp with Beestera Soccer Training - Thompson's Station,Nike Soccer Camp with Beestera Soccer Training - Thompson's Station,True
texas,Arlington,Nike Soccer Camp at Upper 90 - Forth Worth/Arlington,Nike Soccer Camp at Upper 90 - Forth Worth/Arlington,True
texas,Austin,Nike Soccer Camp in Westlake - Austin,Nike Soccer Camp in Westlake - Austin,True
texas,Denton,Nike Soccer Camp at Texas Woman's University,Nike Soccer Camp at Texas Woman's University,True
texas,Houston,Nike Soccer Camp at Houston Christian University,Nike Soccer Camp at Houston Christian University,True
texas,Keller,Nike Soccer Camp in Keller,Nike Soccer Camp in Keller,True
texas,Live Oak,Nike Soccer Camps at Soccer Zone Live Oak,Nike Soccer Camps at Soccer Zone Live Oak,True
texas,New Braunfels,Nike Soccer Camp with UK Soccer School at HEB Soccer Complex,Nike Soccer Camp with UK Soccer School at HEB Soccer Complex,True
texas,Oak Ridge North,Nike Soccer Camp in The Woodlands,Nike Soccer Camp in The Woodlands,True
texas,Round Rock,Nike Soccer Camp in Austin - Round Rock Multipurpose Complex,Nike Soccer Camp in Austin - Round Rock Multipurpose Complex,True
texas,San Antonio,Nike Soccer Camp at St. Mary's University,Nike Soccer Camp at St. Mary's University,True
texas,Tomball,Nike Soccer Camp at Crossbar Academy - Tomball,Nike Soccer Camp at Crossbar Academy - Tomball,True
united-kingdom,Guildford,Nike Soccer Camp with Chelsea FC Foundation - Surrey Sports Park | Boys Performance | Ages 15-17,Nike Soccer Camp with Chelsea FC Foundation - Surrey Sports Park | Boys Performance | Ages 15-17,True
united-kingdom,Guildford,Nike Soccer Camp with Chelsea FC Foundation - Surrey Sports Park | Boys Performance | Ages 15-17,Liverpool FC Residential UK Football Camps - Boys Performance At Radley College | Ages 14-17,False
united-kingdom,Liverpool,Liverpool FC Residential UK Football Camps – Girls at Repton School | Ages 12-17,Liverpool FC Residential UK Football Camps – Girls at Repton School | Ages 12-17,True
united-kingdom,Liverpool,Liverpool FC Residential UK Football Camps – Girls at Repton School | Ages 12-17,Nike Soccer Camp with Chelsea FC Foundation - Charterhouse | Girls | Ages 12-17,False
united-kingdom,London,Nike Soccer Camp with Chelsea FC Foundation - Charterhouse | Girls | Ages 12-17,Nike Girls Soccer Camp at NIU - Collegiate Experience,False
united-kingdom,London,Nike Soccer Camp with Chelsea FC Foundation - Charterhouse | Girls | Ages 12-17,Nike Girls Soccer Camp at Adelphi University,False
united-kingdom,London,Nike Soccer Camp with Chelsea FC Foundation - Charterhouse | Girls | Ages 12-17,Nike Girls Soccer Camp at The Ellis School,False
united-kingdom,London,Nike Soccer Camp with Chelsea FC Foundation - Charterhouse | Girls | Ages 12-17,Liverpool FC Residential UK Football Camps – Girls at Repton School | Ages 12-17,False
united-kingdom,London,Nike Soccer Camp with Chelsea FC Foundation - Charterhouse | Girls | Ages 12-17,Nike Soccer Camp with Chelsea FC Foundation - Charterhouse | Girls | Ages 12-17,True
united-kingdom,Oxford,Liverpool FC Residential UK Football Camps - Boys Performance At Radley College | Ages 14-17,Liverpool FC Residential UK Football Camps - Boys Performance At Radley College | Ages 14-17,True
united-kingdom,Reading,Nike Soccer Camp with Chelsea FC Foundation - Bradfield College |  Boys | Ages 10-12,Nike Soccer Camp with Chelsea FC Foundation - Bradfield College |  Boys | Ages 10-12,True
utah,Farmington,Nike Soccer Camp in Farmington,Nike Soccer Camp in Farmington,True
utah,Park City,Nike Soccer Camp in Park City,Nike Soccer Camp in Park City,True
utah,Salt Lake City,Nike Soccer Camp at Westminster University,Nike Soccer Camp at Westminster University,True
utah,St. George,Nike Soccer Camp with JM Soccer Academy - St. George,Nike Soccer Camp with JM Soccer Academy - St. George,True
vermont,Bristol,Nike Soccer Camp with Beestera Soccer Training - Bristol,Nike Soccer Camp with Beestera Soccer Training - Bristol,True
vermont,Essex Junction,Nike Soccer Camp with Beestera Soccer Training - Essex,Nike Soccer Camp with Beestera Soccer Training - Essex,True
vermont,Stowe,Nike Soccer Camp with Beestera Soccer Training - Stowe,Nike Soccer Camp with Beestera Soccer Training - Stowe,True
virginia,Alexandria,Nike Soccer Camp at Episcopal High School,Nike Soccer Camp at Episcopal High School,True
virginia,Blacksburg,Nike Boys Collegiate Soccer Experience at Virginia Tech,Nike Boys Collegiate Soccer Experience at Virginia Tech,True
virginia,Fredericksburg,Nike Soccer Camp at Fredericksburg Field House,Nike Soccer Camp at Fredericksburg Field House,True
virginia,Leesburg,Nike Boys College ID Soccer Camp - Leesburg,Nike Boys College ID Soccer Camp - Leesburg,True
virginia,Manassas,Nike Soccer Camp in Manassas,Nike Soccer Camp in Manassas,True
virginia,Mechanicsville,Nike Soccer Camp at Sports Reality,Nike Soccer Camp at Sports Reality,True
virginia,Virginia Beach,Nike Soccer Camp at Virginia Beach Field House,Nike Soccer Camp at Virginia Beach Field House,True
virginia,Warrenton,Nike Soccer Camp in Warrenton,Nike Soccer Camp in Warrenton,True
washingtonstate,Burien,Nike Soccer Camp with Tacoma Stars - Burien,Nike Soccer Camp with Tacoma Stars - Burien,True
washingtonstate,Covington,Nike Soccer Camp with Tacoma Stars - Covington,Nike Soccer Camp with Tacoma Stars - Covington,True
washingtonstate,Enumclaw,Nike Soccer Camp with Tacoma Stars - Enumclaw,Nike Soccer Camp with Tacoma Stars - Enumclaw,True
washingtonstate,Federal Way,Nike Soccer Camp with Tacoma Stars - Federal Way,Nike Soccer Camp with Tacoma Stars - Federal Way,True
washingtonstate,Gig Harbor,Nike Soccer Camp with Tacoma Stars - Gig Harbor,Nike Soccer Camp with Tacoma Stars - Gig Harbor,True
washingtonstate,Maple Valley,Nike Soccer Camp with the Tacoma Stars - Summit Park,Nike Soccer Camp with the Tacoma Stars - Summit Park,True
washingtonstate,Redmond,Nike Soccer Camp with Tacoma Stars - Marymoor Park,Nike Soccer Camp with Tacoma Stars - Marymoor Park,True
washingtonstate,Renton,Nike Soccer Camp with Tacoma Stars - Fairwood,Nike Soccer Camp with Tacoma Stars - Fairwood,True
washingtonstate,Seattle,Nike Soccer Camp at Seattle University,Nike Soccer Camp at Seattle University,True
washingtonstate,Shoreline,College Soccer Academy iD Camp in Seattle - Girls,College Soccer Academy iD Camp in Seattle - Girls,True
washingtonstate,Spokane,Nike Soccer Camp in Spokane,Nike Soccer Camp in Spokane,True
washingtonstate,Sumner,Nike Soccer Camp with Tacoma Stars - Sumner,Nike Soccer Camp with Tacoma Stars - Sumner,True
washingtonstate,Tacoma,Nike Soccer Camp with Tacoma Stars - Fawcett Elementary School,Nike Soccer Camp with Tacoma Stars - Fawcett Elementary School,True
washingtonstate,Tukwila,Nike Soccer Camp with Tacoma Stars - Tukwila,Nike Soccer Camp with Tacoma Stars - Tukwila,True
washingtonstate,Tumwater,Nike Soccer Camp with the Tacoma Stars - Pioneer Park,Nike Soccer Camp with the Tacoma Stars - Pioneer Park,True
west-virginia,Charleston,Nike Soccer Camp at University of Charleston,Nike Soccer Camp at University of Charleston,True
wisconsin,Appleton,Nike Soccer Camp at Lawrence University,Nike Soccer Camp at Lawrence University,True
wisconsin,Beloit,Nike Soccer Camp at Beloit College,Nike Soccer Camp at Beloit College,True
wisconsin,Delafield,Nike Soccer Camp at Saint Johns Northwestern Academy,Nike Soccer Camp at Saint Johns Northwestern Academy,True
wisconsin,Glendale,Nike Soccer Camp in Whitefish Bay,Nike Soccer Camp in Whitefish Bay,True
wisconsin,Kenosha,Nike Soccer Camp at University of Wisconsin - Parkside,Nike Soccer Camp at University of Wisconsin - Parkside,True
wisconsin,Lake Geneva,Nike Soccer Camp in Lake Geneva,Nike Soccer Camp in Lake Geneva,True
wisconsin,Menomonee Falls,Nike Soccer Camp at Brookfield Sports Complex,Nike Soccer Camp at Brookfield Sports Complex,True
wisconsin,Waukesha,Nike Soccer Camp at Carroll University,Nike Soccer Camp at Carroll University,True
